{
  "Poppins": {
    "family": "Poppins",
    "import": "Poppins:300,400,500,600,700&subset=latin-ext",
    "variants": [
      "300",
      "400",
      "500",
      "700"
    ],
    "subsets": [
      "latin-ext",
      "latin"
    ]
  },
  "Roboto": {
    "family": "Roboto",
    "import": "Roboto:100,300,400,500,700,900&subset=latin-ext",
    "variants": [
      "100",
      "300",
      "400",
      "500",
      "700",
      "900"
    ],
    "subsets": [
      "cyrillic",
      "latin-ext",
      "cyrillic-ext",
      "greek-ext",
      "greek",
      "vietnamese",
      "latin"
    ]
  },
  "Lato": {
    "family": "Lato",
    "import": "Lato:100,300,400,700,900&subset=latin-ext",
    "variants": [
      "100",
      "300",
      "400",
      "700",
      "900"
    ],
    "subsets": [
      "latin-ext",
      "latin"
    ]
  }
}